{
    "levels": {
        "1": [
            {
                "id": 1,
                "type": "Spider",
                "num1": 32,
                "num2": 500,
                "init_x": 200,
                "init_y": 624,
                "width": 71.25,
                "height": 48,
                "speed": 3,
                "health": 2,
                "src_img": "Assets/spider.png",
                "dir": 1
            },
            {
                "id": 2,
                "type": "Spider",
                "num1": 224,
                "num2": 568.75,
                "init_x": 224,
                "init_y": 464,
                "width": 71.25,
                "height": 48,
                "speed": 3,
                "health": 2,
                "src_img": "Assets/spider.png",
                "dir": 1
            }
        ],
        "2": [
            {
                "id": 1,
                "type": "Spider",
                "num1": 256,
                "num2": 540,
                "init_x": 256,
                "init_y": 624,
                "width": 71.25,
                "height": 48,
                "speed": 6,
                "health": 2,
                "src_img": "Assets/spider.png",
                "dir": 1
            }
        ],
        "3": [
            {
                "id": 6,
                "type": "Watcher",
                "num1": 896,
                "num2": 1107,
                "init_x": 896,
                "init_y": 136.5,
                "width": 45,
                "height": 55.5,
                "speed": 2,
                "health": 5,
                "src_img": "Assets/watcher.png",
                "dir": -1
            }
        ],
        "4": [
            
        ]
    }
}