[
    {
        "name": "Speed Upgrade",
        "x": "220",
        "y": "150",
        "x2": "170",
        "y2": "200",
        "x3": "220",
        "y3": "325",
        "upgrade_stage": "speed_stage_string",
        "string": "f'Upgrade your speed: {speed_upgrade_cost}$'",
        "font": "font",
        "color": "(0, 0, 0)",
        "screen_x": "SCREEN_X",
        "screen_y": "SCREEN_Y",
        "screen": "SCREEN",
        "width": 100,
        "height": 100,
        "pic_path": "Assets/Menu_Assets/speed_upgrade.png",
        "mode": "1"
    },
    {
        "name": "Jump Upgrade",
        "x": "760",
        "y": "150",
        "x2": "710",
        "y2": "200",
        "x3": "760",
        "y3": "325",
        "upgrade_stage": "jump_stage_string",
        "string": "f'Upgrade your jump: {jump_upgrade_cost}$'",
        "font": "font",
        "color": "(0, 0, 0)",
        "screen_x": "SCREEN_X",
        "screen_y": "SCREEN_Y",
        "screen": "SCREEN",
        "width": 100,
        "height": 100,
        "pic_path": "Assets/Menu_Assets/jump_upgrade.png",
        "mode": "1"
    },
    {
        "name": "Health Upgrade",
        "x": "220",
        "y": "450",
        "x2": "170",
        "y2": "500",
        "x3": "220",
        "y3": "625",
        "upgrade_stage": "health_stage_string",
        "string": "f'Upgrade Health: {health_upgrade_cost}$'",
        "font": "font",
        "color": "(0, 0, 0)",
        "screen_x": "SCREEN_X",
        "screen_y": "SCREEN_Y",
        "screen": "SCREEN",
        "width": 100,
        "height": 100,
        "pic_path": "Assets/Menu_Assets/health_upgrade.png",
        "mode": "1"
    },
    {
        "name": "Luck Upgrade",
        "x": "760",
        "y": "450",
        "x2": "710",
        "y2": "500",
        "x3": "760",
        "y3": "625",
        "upgrade_stage": "luck_stage_string",
        "string": "f'Upgrade Luck: {luck_upgrade_cost}$'",
        "font": "font",
        "color": "(0, 0, 0)",
        "screen_x": "SCREEN_X",
        "screen_y": "SCREEN_Y",
        "screen": "SCREEN",
        "width": 100,
        "height": 100,
        "pic_path": "Assets/Menu_Assets/luck_upgrade.png",
        "mode": 1
    },
    {
        "name": "Wheel",
        "x": "1100",
        "y": "300",
        "x2": "1050",
        "y2": "350",
        "x3": "",
        "y3": "",
        "upgrade_stage": "",
        "string": "f'Spin the wheel: {wheel_cost}'",
        "font": "font",
        "color": "(0, 0, 0)",
        "screen_x": "SCREEN_X",
        "screen_y": "SCREEN_Y",
        "screen": "SCREEN",
        "width": 100,
        "height": 100,
        "pic_path": "Assets/Menu_Assets/wheel.png",
        "mode": 1
    }
]