{
    "levels": {
        "1": [
            {
                "type": "Default",
                "x": 288,
                "y": 384,
                "width": 32,
                "height": 32,
                "src_img": "Assets/coin.png"
            },
            {
                "type": "Default",
                "x": 608,
                "y": 288,
                "width": 32,
                "height": 32,
                "src_img": "Assets/coin.png"
            },
            {
                "type": "Default",
                "x": 352,
                "y": 640,
                "width": 32,
                "height": 32,
                "src_img": "Assets/coin.png"
            }
        ],
        "2": [
            {
                "type": "Default",
                "x": 576,
                "y": 640,
                "width": 32,
                "height": 32,
                "src_img": "Assets/coin.png"
            },
            {
                "type": "Default",
                "x": 736,
                "y": 416,
                "width": 32,
                "height": 32,
                "src_img": "Assets/coin.png"
            },
            {
                "type": "Default",
                "x": 896,
                "y": 128,
                "width": 32,
                "height": 32,
                "src_img": "Assets/coin.png"
            }
        ],
        "3": [
            {
                "type": "Default",
                "x": 1216,
                "y": 416,
                "width": 32,
                "height": 32,
                "src_img": "Assets/coin.png"
            },
            {
                "type": "Default",
                "x": 672,
                "y": 448,
                "width": 32,
                "height": 32,
                "src_img": "Assets/coin.png"
            },
            {
                "type": "Default",
                "x": 32,
                "y": 64,
                "width": 32,
                "height": 32,
                "src_img": "Assets/coin.png"
            },
            {
                "type": "Default",
                "x": 672,
                "y": 64,
                "width": 32,
                "height": 32,
                "src_img": "Assets/coin.png"
            }
        ],
        "4": [
            {
                "type": "Default",
                "x": 832,
                "y": 64,
                "width": 32,
                "height": 32,
                "src_img": "Assets/coin.png"
            },
            {
                "type": "Default",
                "x": 608,
                "y": 64,
                "width": 32,
                "height": 32,
                "src_img": "Assets/coin.png"
            },
            {
                "type": "Default",
                "x": 384,
                "y": 64,
                "width": 32,
                "height": 32,
                "src_img": "Assets/coin.png"
            },
            {
                "type": "Default",
                "x": 32,
                "y": 32,
                "width": 32,
                "height": 32,
                "src_img": "Assets/coin.png"
            }
        ]
    }
}